SAMPLE_NAME, SAMPLE_ID, GENE_NAME, TRANSCRIPT, TIER, CENSUS_GENE, DRUG_NAME, LEGACY_MUTATION_ID, GENOMIC_MUTATION_ID, MUTATION_ID, AA_MUTATION, CDS_MUTATION, PRIMARY_TISSUE, TISSUE_SUBTYPE_1, TISSUE_SUBTYPE_2, HISTOLOGY, HISTOLOGY_SUBTYPE_1, HISTOLOGY_SUBTYPE_2, PUBMED_ID, CGP_STUDY, SOMATIC_STATUS, SAMPLE_TYPE, ZYGOSITY, Genome Coordinates (GRCh38), HGVSP, HGVSC, HGVSG
1545599,1545599,ABL1,ENST00000372348.6,1,Yes,Imatinib,COSM12631,COSV59325261,115247428,p.L267V,c.799C>G,haematopoietic_and_lymphoid_tissue,NS,NS,haematopoietic_neoplasm,chronic_myeloid_leukaemia,NS,17008892,null,Variant of unknown origin,Tumour Sample,Heterozygous,9:130862955..130862955,ENSP00000361423.2:p.Leu267Val,ENST00000372348.6:c.799C>G,9:g.130862955C>G
1565830,1565830,ABL1,ENST00000372348.6,1,Yes,Tyrosine kinase inhibitor - NS,COSM12605,COSV59324758,115250410,p.F378V,c.1132T>G,haematopoietic_and_lymphoid_tissue,NS,NS,haematopoietic_neoplasm,chronic_myeloid_leukaemia,NS,21895409,null,Variant of unknown origin,Tumour Sample,Unknown,9:130873027..130873027,ENSP00000361423.2:p.Phe378Val,ENST00000372348.6:c.1132T>G,9:g.130873027T>G
2429893,2429893,ABL1,ENST00000372348.6,1,Yes,Imatinib,COSM12576,COSV59325175,115250439,p.Y272H,c.814T>C,haematopoietic_and_lymphoid_tissue,NS,NS,haematopoietic_neoplasm,chronic_myeloid_leukaemia,NS,26413254,null,Variant of unknown origin,Tumour Sample,Heterozygous,9:130862970..130862970,ENSP00000361423.2:p.Tyr272His,ENST00000372348.6:c.814T>C,9:g.130862970T>C
903853,903853,ABL1,ENST00000372348.6,1,Yes,Imatinib,COSM12574,COSV59325003,115249054,p.E274V,c.821A>T,haematopoietic_and_lymphoid_tissue,NS,NS,lymphoid_neoplasm,acute_lymphoblastic_leukaemia,Ph_positive,11853795,null,Variant of unknown origin,Tumour Sample,Homozygous,9:130862977..130862977,ENSP00000361423.2:p.Glu274Val,ENST00000372348.6:c.821A>T,9:g.130862977A>T
905170,905170,ABL1,ENST00000372348.6,1,Yes,Imatinib,COSM12560,COSV59323790,115247310,p.T334I,c.1001C>T,haematopoietic_and_lymphoid_tissue,NS,NS,haematopoietic_neoplasm,blast_phase_chronic_myeloid_leukaemia,NS,14745431,null,Previously Reported,Tumour Sample,Unknown,9:130872896..130872896,ENSP00000361423.2:p.Thr334Ile,ENST00000372348.6:c.1001C>T,9:g.130872896C>T
1655341,1655341,ABL1,ENST00000372348.6,1,Yes,Imatinib,COSM12576,COSV59325175,115250439,p.Y272H,c.814T>C,haematopoietic_and_lymphoid_tissue,NS,NS,haematopoietic_neoplasm,chronic_myeloid_leukaemia,NS,20367437,null,Variant of unknown origin,Tumour Sample,Unknown,9:130862970..130862970,ENSP00000361423.2:p.Tyr272His,ENST00000372348.6:c.814T>C,9:g.130862970T>C
2071719,2071719,ABL1,ENST00000372348.6,1,Yes,Imatinib,COSM12573,COSV59325418,115248416,p.E274K,c.820G>A,haematopoietic_and_lymphoid_tissue,NS,NS,haematopoietic_neoplasm,chronic_myeloid_leukaemia,NS,23676790,null,Variant of unknown origin,Tumour Sample,Unknown,9:130862976..130862976,ENSP00000361423.2:p.Glu274Lys,ENST00000372348.6:c.820G>A,9:g.130862976G>A
905453,905453,ABL1,ENST00000372348.6,1,Yes,Imatinib,COSM12578,COSV59325906,115250278,p.M370T,c.1109T>C,haematopoietic_and_lymphoid_tissue,NS,NS,haematopoietic_neoplasm,chronic_myeloid_leukaemia,NS,12623848,null,Variant of unknown origin,Tumour Sample,Unknown,9:130873004..130873004,ENSP00000361423.2:p.Met370Thr,ENST00000372348.6:c.1109T>C,9:g.130873004T>C
1565828,1565828,ABL1,ENST00000372348.6,1,Yes,Tyrosine kinase inhibitor - NS,COSM131573,COSV59325287,115262939,p.F336L,c.1008C>A,haematopoietic_and_lymphoid_tissue,NS,NS,haematopoietic_neoplasm,chronic_myeloid_leukaemia,NS,21895409,null,Variant of unknown origin,Tumour Sample,Unknown,9:130872903..130872903,ENSP00000361423.2:p.Phe336Leu,ENST00000372348.6:c.1008C>A,9:g.130872903C>A
1655329,1655329,ABL1,ENST00000372348.6,1,Yes,Imatinib,COSM131574,COSV59325471,115250159,p.L406M,c.1216T>A,haematopoietic_and_lymphoid_tissue,NS,NS,haematopoietic_neoplasm,chronic_myeloid_leukaemia,NS,20367437,null,Variant of unknown origin,Tumour Sample,Unknown,9:130874941..130874941,ENSP00000361423.2:p.Leu406Met,ENST00000372348.6:c.1216T>A,9:g.130874941T>A
1655319,1655319,ABL1,ENST00000372348.6,1,Yes,Imatinib,COSM12610,COSV59324372,115260376,p.Y272F,c.815A>T,haematopoietic_and_lymphoid_tissue,NS,NS,haematopoietic_neoplasm,chronic_myeloid_leukaemia,NS,20367437,null,Variant of unknown origin,Tumour Sample,Unknown,9:130862971..130862971,ENSP00000361423.2:p.Tyr272Phe,ENST00000372348.6:c.815A>T,9:g.130862971A>T
2071709,2071709,ABL1,ENST00000372348.6,1,Yes,Imatinib,COSM12608,COSV59334206,115247465,p.M263V,c.787A>G,haematopoietic_and_lymphoid_tissue,NS,NS,haematopoietic_neoplasm,chronic_myeloid_leukaemia,NS,23676790,null,Variant of unknown origin,Tumour Sample,Unknown,9:130862943..130862943,ENSP00000361423.2:p.Met263Val,ENST00000372348.6:c.787A>G,9:g.130862943A>G
2071726,2071726,ABL1,ENST00000372348.6,1,Yes,Imatinib,COSM12560,COSV59323790,115247310,p.T334I,c.1001C>T,haematopoietic_and_lymphoid_tissue,NS,NS,haematopoietic_neoplasm,blast_phase_chronic_myeloid_leukaemia,NS,23676790,null,Previously Reported,Tumour Sample,Unknown,9:130872896..130872896,ENSP00000361423.2:p.Thr334Ile,ENST00000372348.6:c.1001C>T,9:g.130872896C>T
905455,905455,ABL1,ENST00000372348.6,1,Yes,Imatinib,COSM12578,COSV59325906,115250278,p.M370T,c.1109T>C,haematopoietic_and_lymphoid_tissue,NS,NS,haematopoietic_neoplasm,chronic_myeloid_leukaemia,NS,12623848,null,Variant of unknown origin,Tumour Sample,Unknown,9:130873004..130873004,ENSP00000361423.2:p.Met370Thr,ENST00000372348.6:c.1109T>C,9:g.130873004T>C
1351421,1351421,ABL1,ENST00000372348.6,1,Yes,Imatinib,COSM12560,COSV59323790,115247310,p.T334I,c.1001C>T,haematopoietic_and_lymphoid_tissue,NS,NS,haematopoietic_neoplasm,chronic_myeloid_leukaemia,NS,20512393,null,Previously Reported,Tumour Sample,Unknown,9:130872896..130872896,ENSP00000361423.2:p.Thr334Ile,ENST00000372348.6:c.1001C>T,9:g.130872896C>T
1565816,1565816,ABL1,ENST00000372348.6,1,Yes,Tyrosine kinase inhibitor - NS,COSM12608,COSV59334206,115247465,p.M263V,c.787A>G,haematopoietic_and_lymphoid_tissue,NS,NS,haematopoietic_neoplasm,chronic_myeloid_leukaemia,NS,21895409,null,Variant of unknown origin,Tumour Sample,Unknown,9:130862943..130862943,ENSP00000361423.2:p.Met263Val,ENST00000372348.6:c.787A>G,9:g.130862943A>G
1565820,1565820,ABL1,ENST00000372348.6,1,Yes,Tyrosine kinase inhibitor - NS,COSM12576,COSV59325175,115250439,p.Y272H,c.814T>C,haematopoietic_and_lymphoid_tissue,NS,NS,haematopoietic_neoplasm,chronic_myeloid_leukaemia,NS,21895409,null,Variant of unknown origin,Tumour Sample,Unknown,9:130862970..130862970,ENSP00000361423.2:p.Tyr272His,ENST00000372348.6:c.814T>C,9:g.130862970T>C
2071715,2071715,ABL1,ENST00000372348.6,1,Yes,Imatinib,COSM12577,COSV59324360,115250271,p.G269E,c.806G>A,haematopoietic_and_lymphoid_tissue,NS,NS,haematopoietic_neoplasm,chronic_myeloid_leukaemia,NS,23676790,null,Variant of unknown origin,Tumour Sample,Unknown,9:130862962..130862962,ENSP00000361423.2:p.Gly269Glu,ENST00000372348.6:c.806G>A,9:g.130862962G>A
905447,905447,ABL1,ENST00000372348.6,1,Yes,Imatinib,COSM12574,COSV59325003,115249054,p.E274V,c.821A>T,haematopoietic_and_lymphoid_tissue,NS,NS,haematopoietic_neoplasm,chronic_myeloid_leukaemia,NS,12623848,null,Variant of unknown origin,Tumour Sample,Unknown,9:130862977..130862977,ENSP00000361423.2:p.Glu274Val,ENST00000372348.6:c.821A>T,9:g.130862977A>T
1655331,1655331,ABL1,ENST00000372348.6,1,Yes,Imatinib,COSM12605,COSV59324758,115250410,p.F378V,c.1132T>G,haematopoietic_and_lymphoid_tissue,NS,NS,haematopoietic_neoplasm,chronic_myeloid_leukaemia,NS,20367437,null,Variant of unknown origin,Tumour Sample,Unknown,9:130873027..130873027,ENSP00000361423.2:p.Phe378Val,ENST00000372348.6:c.1132T>G,9:g.130873027T>G
1655335,1655335,ABL1,ENST00000372348.6,1,Yes,Imatinib,COSM12605,COSV59324758,115250410,p.F378V,c.1132T>G,haematopoietic_and_lymphoid_tissue,NS,NS,haematopoietic_neoplasm,chronic_myeloid_leukaemia,NS,20367437,null,Variant of unknown origin,Tumour Sample,Unknown,9:130873027..130873027,ENSP00000361423.2:p.Phe378Val,ENST00000372348.6:c.1132T>G,9:g.130873027T>G
2071728,2071728,ABL1,ENST00000372348.6,1,Yes,Imatinib,COSM12578,COSV59325906,115250278,p.M370T,c.1109T>C,haematopoietic_and_lymphoid_tissue,NS,NS,haematopoietic_neoplasm,chronic_myeloid_leukaemia,NS,23676790,null,Variant of unknown origin,Tumour Sample,Unknown,9:130873004..130873004,ENSP00000361423.2:p.Met370Thr,ENST00000372348.6:c.1109T>C,9:g.130873004T>C
2324034,2324034,ABL1,ENST00000372348.6,1,Yes,Bosutinib,COSM4767370,COSV59324500,115247638,p.L267R,c.800T>G,haematopoietic_and_lymphoid_tissue,NS,NS,haematopoietic_neoplasm,blast_phase_chronic_myeloid_leukaemia,NS,23044928,null,Variant of unknown origin,Tumour Sample,Homozygous,9:130862956..130862956,ENSP00000361423.2:p.Leu267Arg,ENST00000372348.6:c.800T>G,9:g.130862956T>G
2368723,2368723,ABL1,ENST00000372348.6,1,Yes,Imatinib,COSM12577,COSV59324360,115250271,p.G269E,c.806G>A,haematopoietic_and_lymphoid_tissue,NS,NS,haematopoietic_neoplasm,chronic_myeloid_leukaemia,Ph_positive,25807654,null,Variant of unknown origin,Tumour Sample,Unknown,9:130862962..130862962,ENSP00000361423.2:p.Gly269Glu,ENST00000372348.6:c.806G>A,9:g.130862962G>A
2071731,2071731,ABL1,ENST00000372348.6,1,Yes,Imatinib,COSM12605,COSV59324758,115250410,p.F378V,c.1132T>G,haematopoietic_and_lymphoid_tissue,NS,NS,haematopoietic_neoplasm,blast_phase_chronic_myeloid_leukaemia,NS,23676790,null,Variant of unknown origin,Tumour Sample,Unknown,9:130873027..130873027,ENSP00000361423.2:p.Phe378Val,ENST00000372348.6:c.1132T>G,9:g.130873027T>G
904281,904281,ABL1,ENST00000372348.6,1,Yes,Imatinib,COSM12573,COSV59325418,115248416,p.E274K,c.820G>A,haematopoietic_and_lymphoid_tissue,NS,NS,haematopoietic_neoplasm,chronic_myeloid_leukaemia,NS,12399961,null,Variant of unknown origin,Tumour Sample,Unknown,9:130862976..130862976,ENSP00000361423.2:p.Glu274Lys,ENST00000372348.6:c.820G>A,9:g.130862976G>A
905495,905495,ABL1,ENST00000372348.6,1,Yes,Imatinib,COSM12578,COSV59325906,115250278,p.M370T,c.1109T>C,haematopoietic_and_lymphoid_tissue,NS,NS,haematopoietic_neoplasm,chronic_myeloid_leukaemia,NS,12623848,null,Variant of unknown origin,Tumour Sample,Unknown,9:130873004..130873004,ENSP00000361423.2:p.Met370Thr,ENST00000372348.6:c.1109T>C,9:g.130873004T>C
2071720,2071720,ABL1,ENST00000372348.6,1,Yes,Imatinib,COSM12573,COSV59325418,115248416,p.E274K,c.820G>A,haematopoietic_and_lymphoid_tissue,NS,NS,haematopoietic_neoplasm,blast_phase_chronic_myeloid_leukaemia,NS,23676790,null,Variant of unknown origin,Tumour Sample,Unknown,9:130862976..130862976,ENSP00000361423.2:p.Glu274Lys,ENST00000372348.6:c.820G>A,9:g.130862976G>A
1874591,1874591,ABL1,ENST00000372348.6,1,Yes,Imatinib,COSM12560,COSV59323790,115247310,p.T334I,c.1001C>T,haematopoietic_and_lymphoid_tissue,NS,NS,haematopoietic_neoplasm,chronic_myeloid_leukaemia,Ph_positive,23355941,null,Previously Reported,Tumour Sample,Unknown,9:130872896..130872896,ENSP00000361423.2:p.Thr334Ile,ENST00000372348.6:c.1001C>T,9:g.130872896C>T
2071709,2071709,ABL1,ENST00000372348.6,1,Yes,Imatinib,COSM1732692,COSV59336290,115265345,p.E472A,c.1415A>C,haematopoietic_and_lymphoid_tissue,NS,NS,haematopoietic_neoplasm,chronic_myeloid_leukaemia,NS,23676790,null,Variant of unknown origin,Tumour Sample,Unknown,9:130878502..130878502,ENSP00000361423.2:p.Glu472Ala,ENST00000372348.6:c.1415A>C,9:g.130878502A>C
903861,903861,ABL1,ENST00000372348.6,1,Yes,Imatinib,COSM12576,COSV59325175,115250439,p.Y272H,c.814T>C,haematopoietic_and_lymphoid_tissue,NS,NS,haematopoietic_neoplasm,acute_leukaemia_of_ambiguous_lineage,NS,11853795,null,Variant of unknown origin,Tumour Sample,Homozygous,9:130862970..130862970,ENSP00000361423.2:p.Tyr272His,ENST00000372348.6:c.814T>C,9:g.130862970T>C
904078,904078,ABL1,ENST00000372348.6,1,Yes,Imatinib,COSM12577,COSV59324360,115250271,p.G269E,c.806G>A,haematopoietic_and_lymphoid_tissue,NS,NS,haematopoietic_neoplasm,blast_phase_chronic_myeloid_leukaemia,NS,11964322,null,Variant of unknown origin,Tumour Sample,Unknown,9:130862962..130862962,ENSP00000361423.2:p.Gly269Glu,ENST00000372348.6:c.806G>A,9:g.130862962G>A
905447,905447,ABL1,ENST00000372348.6,1,Yes,Imatinib,COSM12610,COSV59324372,115260376,p.Y272F,c.815A>T,haematopoietic_and_lymphoid_tissue,NS,NS,haematopoietic_neoplasm,chronic_myeloid_leukaemia,NS,12623848,null,Variant of unknown origin,Tumour Sample,Unknown,9:130862971..130862971,ENSP00000361423.2:p.Tyr272Phe,ENST00000372348.6:c.815A>T,9:g.130862971A>T
1656922,1656922,ABL1,ENST00000372348.6,1,Yes,Imatinib,COSM211677,COSV59326265,115248851,p.K313delinsRGG,c.937_938delinsCGGGGGGG,haematopoietic_and_lymphoid_tissue,NS,NS,haematopoietic_neoplasm,blast_phase_chronic_myeloid_leukaemia,NS,21264552,null,Confirmed Somatic,Tumour Sample,Unknown,9:130872186..130872187,ENSP00000361423.2:p.Lys313delinsArgGlyGly,ENST00000372348.6:c.937_938delinsCGGGGGGG,9:g.130872186_130872187delinsCGGGGGGG
1989311,1989311,ABL1,ENST00000372348.6,1,Yes,Tyrosine kinase inhibitor - NS,COSM12560,COSV59323790,115247310,p.T334I,c.1001C>T,haematopoietic_and_lymphoid_tissue,NS,NS,haematopoietic_neoplasm,chronic_myeloid_leukaemia,NS,22870928,null,Previously Reported,Tumour Sample,Unknown,9:130872896..130872896,ENSP00000361423.2:p.Thr334Ile,ENST00000372348.6:c.1001C>T,9:g.130872896C>T
903866,903866,ABL1,ENST00000372348.6,1,Yes,Imatinib,COSM12560,COSV59323790,115247310,p.T334I,c.1001C>T,haematopoietic_and_lymphoid_tissue,NS,NS,lymphoid_neoplasm,acute_lymphoblastic_leukaemia,Ph_positive,11853795,null,Previously Reported,Tumour Sample,Heterozygous,9:130872896..130872896,ENSP00000361423.2:p.Thr334Ile,ENST00000372348.6:c.1001C>T,9:g.130872896C>T
904086,904086,ABL1,ENST00000372348.6,1,Yes,Imatinib,COSM12578,COSV59325906,115250278,p.M370T,c.1109T>C,haematopoietic_and_lymphoid_tissue,NS,NS,haematopoietic_neoplasm,chronic_myeloid_leukaemia,NS,11964322,null,Variant of unknown origin,Tumour Sample,Unknown,9:130873004..130873004,ENSP00000361423.2:p.Met370Thr,ENST00000372348.6:c.1109T>C,9:g.130873004T>C
905457,905457,ABL1,ENST00000372348.6,1,Yes,Imatinib,COSM12630,COSV59325186,115273431,p.F505S,c.1514T>C,haematopoietic_and_lymphoid_tissue,NS,NS,haematopoietic_neoplasm,chronic_myeloid_leukaemia,NS,12623848,null,Variant of unknown origin,Tumour Sample,Unknown,9:130880101..130880101,ENSP00000361423.2:p.Phe505Ser,ENST00000372348.6:c.1514T>C,9:g.130880101T>C
2071735,2071735,ABL1,ENST00000372348.6,1,Yes,Imatinib,COSM1732691,COSV59326146,115258715,p.F378C,c.1133T>G,haematopoietic_and_lymphoid_tissue,NS,NS,haematopoietic_neoplasm,chronic_myeloid_leukaemia,NS,23676790,null,Variant of unknown origin,Tumour Sample,Unknown,9:130873028..130873028,ENSP00000361423.2:p.Phe378Cys,ENST00000372348.6:c.1133T>G,9:g.130873028T>G
904301,904301,ABL1,ENST00000372348.6,1,Yes,Imatinib,COSM12578,COSV59325906,115250278,p.M370T,c.1109T>C,haematopoietic_and_lymphoid_tissue,NS,NS,haematopoietic_neoplasm,chronic_myeloid_leukaemia,NS,12399961,null,Variant of unknown origin,Tumour Sample,Unknown,9:130873004..130873004,ENSP00000361423.2:p.Met370Thr,ENST00000372348.6:c.1109T>C,9:g.130873004T>C
904273,904273,ABL1,ENST00000372348.6,1,Yes,Imatinib,COSM12576,COSV59325175,115250439,p.Y272H,c.814T>C,haematopoietic_and_lymphoid_tissue,NS,NS,haematopoietic_neoplasm,chronic_myeloid_leukaemia,NS,12399961,null,Variant of unknown origin,Tumour Sample,Unknown,9:130862970..130862970,ENSP00000361423.2:p.Tyr272His,ENST00000372348.6:c.814T>C,9:g.130862970T>C
905175,905175,ABL1,ENST00000372348.6,1,Yes,Imatinib,COSM12605,COSV59324758,115250410,p.F378V,c.1132T>G,haematopoietic_and_lymphoid_tissue,NS,NS,lymphoid_neoplasm,acute_lymphoblastic_leukaemia,Ph_positive,14745431,null,Variant of unknown origin,Tumour Sample,Unknown,9:130873027..130873027,ENSP00000361423.2:p.Phe378Val,ENST00000372348.6:c.1132T>G,9:g.130873027T>G
905195,905195,ABL1,ENST00000372348.6,1,Yes,Imatinib,COSM12605,COSV59324758,115250410,p.F378V,c.1132T>G,haematopoietic_and_lymphoid_tissue,NS,NS,lymphoid_neoplasm,acute_lymphoblastic_leukaemia,Ph_positive,14745431,null,Variant of unknown origin,Tumour Sample,Unknown,9:130873027..130873027,ENSP00000361423.2:p.Phe378Val,ENST00000372348.6:c.1132T>G,9:g.130873027T>G
904271,904271,ABL1,ENST00000372348.6,1,Yes,Imatinib,COSM12576,COSV59325175,115250439,p.Y272H,c.814T>C,haematopoietic_and_lymphoid_tissue,NS,NS,haematopoietic_neoplasm,chronic_myeloid_leukaemia,NS,12399961,null,Variant of unknown origin,Tumour Sample,Unknown,9:130862970..130862970,ENSP00000361423.2:p.Tyr272His,ENST00000372348.6:c.814T>C,9:g.130862970T>C
904285,904285,ABL1,ENST00000372348.6,1,Yes,Imatinib,COSM12560,COSV59323790,115247310,p.T334I,c.1001C>T,haematopoietic_and_lymphoid_tissue,NS,NS,haematopoietic_neoplasm,chronic_myeloid_leukaemia,NS,12399961,null,Previously Reported,Tumour Sample,Unknown,9:130872896..130872896,ENSP00000361423.2:p.Thr334Ile,ENST00000372348.6:c.1001C>T,9:g.130872896C>T
905488,905488,ABL1,ENST00000372348.6,1,Yes,Imatinib,COSM12578,COSV59325906,115250278,p.M370T,c.1109T>C,haematopoietic_and_lymphoid_tissue,NS,NS,haematopoietic_neoplasm,chronic_myeloid_leukaemia,NS,12623848,null,Variant of unknown origin,Tumour Sample,Unknown,9:130873004..130873004,ENSP00000361423.2:p.Met370Thr,ENST00000372348.6:c.1109T>C,9:g.130873004T>C
1655315,1655315,ABL1,ENST00000372348.6,1,Yes,Imatinib,COSM12560,COSV59323790,115247310,p.T334I,c.1001C>T,haematopoietic_and_lymphoid_tissue,NS,NS,haematopoietic_neoplasm,chronic_myeloid_leukaemia,NS,20367437,null,Previously Reported,Tumour Sample,Unknown,9:130872896..130872896,ENSP00000361423.2:p.Thr334Ile,ENST00000372348.6:c.1001C>T,9:g.130872896C>T
1874592,1874592,ABL1,ENST00000372348.6,1,Yes,Imatinib,COSM12560,COSV59323790,115247310,p.T334I,c.1001C>T,haematopoietic_and_lymphoid_tissue,NS,NS,haematopoietic_neoplasm,chronic_myeloid_leukaemia,Ph_positive,23355941,null,Previously Reported,Tumour Sample,Unknown,9:130872896..130872896,ENSP00000361423.2:p.Thr334Ile,ENST00000372348.6:c.1001C>T,9:g.130872896C>T
904069,904069,ABL1,ENST00000372348.6,1,Yes,Imatinib,COSM12560,COSV59323790,115247310,p.T334I,c.1001C>T,haematopoietic_and_lymphoid_tissue,NS,NS,haematopoietic_neoplasm,blast_phase_chronic_myeloid_leukaemia,NS,11964322,null,Previously Reported,Tumour Sample,Unknown,9:130872896..130872896,ENSP00000361423.2:p.Thr334Ile,ENST00000372348.6:c.1001C>T,9:g.130872896C>T
904263,904263,ABL1,ENST00000372348.6,1,Yes,Imatinib,COSM12608,COSV59334206,115247465,p.M263V,c.787A>G,haematopoietic_and_lymphoid_tissue,NS,NS,haematopoietic_neoplasm,chronic_myeloid_leukaemia,NS,12399961,null,Variant of unknown origin,Tumour Sample,Unknown,9:130862943..130862943,ENSP00000361423.2:p.Met263Val,ENST00000372348.6:c.787A>G,9:g.130862943A>G
2071710,2071710,ABL1,ENST00000372348.6,1,Yes,Imatinib,COSM12608,COSV59334206,115247465,p.M263V,c.787A>G,haematopoietic_and_lymphoid_tissue,NS,NS,haematopoietic_neoplasm,chronic_myeloid_leukaemia,NS,23676790,null,Variant of unknown origin,Tumour Sample,Unknown,9:130862943..130862943,ENSP00000361423.2:p.Met263Val,ENST00000372348.6:c.787A>G,9:g.130862943A>G
2071716,2071716,ABL1,ENST00000372348.6,1,Yes,Imatinib,COSM12577,COSV59324360,115250271,p.G269E,c.806G>A,haematopoietic_and_lymphoid_tissue,NS,NS,haematopoietic_neoplasm,blast_phase_chronic_myeloid_leukaemia,NS,23676790,null,Variant of unknown origin,Tumour Sample,Unknown,9:130862962..130862962,ENSP00000361423.2:p.Gly269Glu,ENST00000372348.6:c.806G>A,9:g.130862962G>A
905451,905451,ABL1,ENST00000372348.6,1,Yes,Imatinib,COSM12578,COSV59325906,115250278,p.M370T,c.1109T>C,haematopoietic_and_lymphoid_tissue,NS,NS,haematopoietic_neoplasm,chronic_myeloid_leukaemia,NS,12623848,null,Variant of unknown origin,Tumour Sample,Unknown,9:130873004..130873004,ENSP00000361423.2:p.Met370Thr,ENST00000372348.6:c.1109T>C,9:g.130873004T>C
905485,905485,ABL1,ENST00000372348.6,1,Yes,Imatinib,COSM12608,COSV59334206,115247465,p.M263V,c.787A>G,haematopoietic_and_lymphoid_tissue,NS,NS,haematopoietic_neoplasm,chronic_myeloid_leukaemia,NS,12623848,null,Variant of unknown origin,Tumour Sample,Unknown,9:130862943..130862943,ENSP00000361423.2:p.Met263Val,ENST00000372348.6:c.787A>G,9:g.130862943A>G
905494,905494,ABL1,ENST00000372348.6,1,Yes,Imatinib,COSM12575,COSV59323734,115250368,p.F336L,c.1008C>G,haematopoietic_and_lymphoid_tissue,NS,NS,haematopoietic_neoplasm,chronic_myeloid_leukaemia,NS,12623848,null,Previously Reported,Tumour Sample,Unknown,9:130872903..130872903,ENSP00000361423.2:p.Phe336Leu,ENST00000372348.6:c.1008C>G,9:g.130872903C>G
904295,904295,ABL1,ENST00000372348.6,1,Yes,Imatinib,COSM12560,COSV59323790,115247310,p.T334I,c.1001C>T,haematopoietic_and_lymphoid_tissue,NS,NS,haematopoietic_neoplasm,chronic_myeloid_leukaemia,NS,12399961,null,Previously Reported,Tumour Sample,Unknown,9:130872896..130872896,ENSP00000361423.2:p.Thr334Ile,ENST00000372348.6:c.1001C>T,9:g.130872896C>T
905176,905176,ABL1,ENST00000372348.6,1,Yes,Imatinib,COSM12605,COSV59324758,115250410,p.F378V,c.1132T>G,haematopoietic_and_lymphoid_tissue,NS,NS,haematopoietic_neoplasm,chronic_myeloid_leukaemia,NS,14745431,null,Variant of unknown origin,Tumour Sample,Unknown,9:130873027..130873027,ENSP00000361423.2:p.Phe378Val,ENST00000372348.6:c.1132T>G,9:g.130873027T>G
905196,905196,ABL1,ENST00000372348.6,1,Yes,Imatinib,COSM12602,COSV59323752,115249060,p.D295G,c.884A>G,haematopoietic_and_lymphoid_tissue,NS,NS,lymphoid_neoplasm,acute_lymphoblastic_leukaemia,Ph_positive,14745431,null,Previously Reported,Tumour Sample,Unknown,9:130872133..130872133,ENSP00000361423.2:p.Asp295Gly,ENST00000372348.6:c.884A>G,9:g.130872133A>G
905451,905451,ABL1,ENST00000372348.6,1,Yes,Imatinib,COSM12573,COSV59325418,115248416,p.E274K,c.820G>A,haematopoietic_and_lymphoid_tissue,NS,NS,haematopoietic_neoplasm,chronic_myeloid_leukaemia,NS,12623848,null,Variant of unknown origin,Tumour Sample,Unknown,9:130862976..130862976,ENSP00000361423.2:p.Glu274Lys,ENST00000372348.6:c.820G>A,9:g.130862976G>A
1655327,1655327,ABL1,ENST00000372348.6,1,Yes,Imatinib,COSM12608,COSV59334206,115247465,p.M263V,c.787A>G,haematopoietic_and_lymphoid_tissue,NS,NS,haematopoietic_neoplasm,chronic_myeloid_leukaemia,NS,20367437,null,Variant of unknown origin,Tumour Sample,Unknown,9:130862943..130862943,ENSP00000361423.2:p.Met263Val,ENST00000372348.6:c.787A>G,9:g.130862943A>G
904265,904265,ABL1,ENST00000372348.6,1,Yes,Imatinib,COSM12609,COSV59323765,115258032,p.Q271H,c.813G>C,haematopoietic_and_lymphoid_tissue,NS,NS,haematopoietic_neoplasm,chronic_myeloid_leukaemia,NS,12399961,null,Variant of unknown origin,Tumour Sample,Unknown,9:130862969..130862969,ENSP00000361423.2:p.Gln271His,ENST00000372348.6:c.813G>C,9:g.130862969G>C
905454,905454,ABL1,ENST00000372348.6,1,Yes,Imatinib,COSM12578,COSV59325906,115250278,p.M370T,c.1109T>C,haematopoietic_and_lymphoid_tissue,NS,NS,haematopoietic_neoplasm,chronic_myeloid_leukaemia,NS,12623848,null,Variant of unknown origin,Tumour Sample,Unknown,9:130873004..130873004,ENSP00000361423.2:p.Met370Thr,ENST00000372348.6:c.1109T>C,9:g.130873004T>C
904267,904267,ABL1,ENST00000372348.6,1,Yes,Imatinib,COSM12576,COSV59325175,115250439,p.Y272H,c.814T>C,haematopoietic_and_lymphoid_tissue,NS,NS,haematopoietic_neoplasm,chronic_myeloid_leukaemia,NS,12399961,null,Variant of unknown origin,Tumour Sample,Unknown,9:130862970..130862970,ENSP00000361423.2:p.Tyr272His,ENST00000372348.6:c.814T>C,9:g.130862970T>C
1656921,1656921,ABL1,ENST00000372348.6,1,Yes,Imatinib,COSM211677,COSV59326265,115248851,p.K313delinsRGG,c.937_938delinsCGGGGGGG,haematopoietic_and_lymphoid_tissue,NS,NS,haematopoietic_neoplasm,blast_phase_chronic_myeloid_leukaemia,NS,21264552,null,Confirmed Somatic,Tumour Sample,Unknown,9:130872186..130872187,ENSP00000361423.2:p.Lys313delinsArgGlyGly,ENST00000372348.6:c.937_938delinsCGGGGGGG,9:g.130872186_130872187delinsCGGGGGGG
903865,903865,ABL1,ENST00000372348.6,1,Yes,Imatinib,COSM12560,COSV59323790,115247310,p.T334I,c.1001C>T,haematopoietic_and_lymphoid_tissue,NS,NS,lymphoid_neoplasm,acute_lymphoblastic_leukaemia,Ph_positive,11853795,null,Previously Reported,Tumour Sample,Heterozygous,9:130872896..130872896,ENSP00000361423.2:p.Thr334Ile,ENST00000372348.6:c.1001C>T,9:g.130872896C>T
905167,905167,ABL1,ENST00000372348.6,1,Yes,Imatinib,COSM12574,COSV59325003,115249054,p.E274V,c.821A>T,haematopoietic_and_lymphoid_tissue,NS,NS,haematopoietic_neoplasm,blast_phase_chronic_myeloid_leukaemia,NS,14745431,null,Variant of unknown origin,Tumour Sample,Unknown,9:130862977..130862977,ENSP00000361423.2:p.Glu274Val,ENST00000372348.6:c.821A>T,9:g.130862977A>T
1565818,1565818,ABL1,ENST00000372348.6,1,Yes,Tyrosine kinase inhibitor - NS,COSM12577,COSV59324360,115250271,p.G269E,c.806G>A,haematopoietic_and_lymphoid_tissue,NS,NS,haematopoietic_neoplasm,chronic_myeloid_leukaemia,NS,21895409,null,Variant of unknown origin,Tumour Sample,Unknown,9:130862962..130862962,ENSP00000361423.2:p.Gly269Glu,ENST00000372348.6:c.806G>A,9:g.130862962G>A
2071738,2071738,ABL1,ENST00000372348.6,1,Yes,Imatinib,COSM1732690,COSV59337395,115258531,p.S457C,c.1370C>G,haematopoietic_and_lymphoid_tissue,NS,NS,haematopoietic_neoplasm,chronic_myeloid_leukaemia,NS,23676790,null,Variant of unknown origin,Tumour Sample,Unknown,9:130878457..130878457,ENSP00000361423.2:p.Ser457Cys,ENST00000372348.6:c.1370C>G,9:g.130878457C>G
905487,905487,ABL1,ENST00000372348.6,1,Yes,Imatinib,COSM12609,COSV59323765,115258032,p.Q271H,c.813G>C,haematopoietic_and_lymphoid_tissue,NS,NS,haematopoietic_neoplasm,chronic_myeloid_leukaemia,NS,12623848,null,Variant of unknown origin,Tumour Sample,Unknown,9:130862969..130862969,ENSP00000361423.2:p.Gln271His,ENST00000372348.6:c.813G>C,9:g.130862969G>C
1874596,1874596,ABL1,ENST00000372348.6,1,Yes,Imatinib,COSM12578,COSV59325906,115250278,p.M370T,c.1109T>C,haematopoietic_and_lymphoid_tissue,NS,NS,haematopoietic_neoplasm,chronic_myeloid_leukaemia,Ph_positive,23355941,null,Variant of unknown origin,Tumour Sample,Homozygous,9:130873004..130873004,ENSP00000361423.2:p.Met370Thr,ENST00000372348.6:c.1109T>C,9:g.130873004T>C
2432728,2432728,ABL1,ENST00000372348.6,1,Yes,Imatinib,COSM12564,COSV59324877,115257201,p.H415P,c.1244A>C,haematopoietic_and_lymphoid_tissue,NS,NS,lymphoid_neoplasm,acute_lymphoblastic_leukaemia,Ph_positive,22299775,null,Variant of unknown origin,Tumour Sample,Homozygous,9:130874969..130874969,ENSP00000361423.2:p.His415Pro,ENST00000372348.6:c.1244A>C,9:g.130874969A>C
904303,904303,ABL1,ENST00000372348.6,1,Yes,Imatinib,COSM12578,COSV59325906,115250278,p.M370T,c.1109T>C,haematopoietic_and_lymphoid_tissue,NS,NS,haematopoietic_neoplasm,chronic_myeloid_leukaemia,NS,12399961,null,Variant of unknown origin,Tumour Sample,Unknown,9:130873004..130873004,ENSP00000361423.2:p.Met370Thr,ENST00000372348.6:c.1109T>C,9:g.130873004T>C
905173,905173,ABL1,ENST00000372348.6,1,Yes,Imatinib,COSM12578,COSV59325906,115250278,p.M370T,c.1109T>C,haematopoietic_and_lymphoid_tissue,NS,NS,haematopoietic_neoplasm,chronic_myeloid_leukaemia,NS,14745431,null,Variant of unknown origin,Tumour Sample,Unknown,9:130873004..130873004,ENSP00000361423.2:p.Met370Thr,ENST00000372348.6:c.1109T>C,9:g.130873004T>C
1565828,1565828,ABL1,ENST00000372348.6,1,Yes,Tyrosine kinase inhibitor - NS,COSM12577,COSV59324360,115250271,p.G269E,c.806G>A,haematopoietic_and_lymphoid_tissue,NS,NS,haematopoietic_neoplasm,chronic_myeloid_leukaemia,NS,21895409,null,Variant of unknown origin,Tumour Sample,Unknown,9:130862962..130862962,ENSP00000361423.2:p.Gly269Glu,ENST00000372348.6:c.806G>A,9:g.130862962G>A
904079,904079,ABL1,ENST00000372348.6,1,Yes,Imatinib,COSM12573,COSV59325418,115248416,p.E274K,c.820G>A,haematopoietic_and_lymphoid_tissue,NS,NS,haematopoietic_neoplasm,chronic_myeloid_leukaemia,NS,11964322,null,Variant of unknown origin,Tumour Sample,Unknown,9:130862976..130862976,ENSP00000361423.2:p.Glu274Lys,ENST00000372348.6:c.820G>A,9:g.130862976G>A
1545600,1545600,ABL1,ENST00000372348.6,1,Yes,Imatinib,COSM12631,COSV59325261,115247428,p.L267V,c.799C>G,haematopoietic_and_lymphoid_tissue,NS,NS,haematopoietic_neoplasm,chronic_myeloid_leukaemia,NS,17008892,null,Variant of unknown origin,Tumour Sample,Heterozygous,9:130862955..130862955,ENSP00000361423.2:p.Leu267Val,ENST00000372348.6:c.799C>G,9:g.130862955C>G
2071728,2071728,ABL1,ENST00000372348.6,1,Yes,Imatinib,COSM1732693,COSV59336536,115263209,p.L406F,c.1218G>C,haematopoietic_and_lymphoid_tissue,NS,NS,haematopoietic_neoplasm,chronic_myeloid_leukaemia,NS,23676790,null,Variant of unknown origin,Tumour Sample,Unknown,9:130874943..130874943,ENSP00000361423.2:p.Leu406Phe,ENST00000372348.6:c.1218G>C,9:g.130874943G>C
904289,904289,ABL1,ENST00000372348.6,1,Yes,Imatinib,COSM12560,COSV59323790,115247310,p.T334I,c.1001C>T,haematopoietic_and_lymphoid_tissue,NS,NS,haematopoietic_neoplasm,chronic_myeloid_leukaemia,NS,12399961,null,Previously Reported,Tumour Sample,Unknown,9:130872896..130872896,ENSP00000361423.2:p.Thr334Ile,ENST00000372348.6:c.1001C>T,9:g.130872896C>T
905174,905174,ABL1,ENST00000372348.6,1,Yes,Imatinib,COSM12578,COSV59325906,115250278,p.M370T,c.1109T>C,haematopoietic_and_lymphoid_tissue,NS,NS,haematopoietic_neoplasm,chronic_myeloid_leukaemia,NS,14745431,null,Variant of unknown origin,Tumour Sample,Unknown,9:130873004..130873004,ENSP00000361423.2:p.Met370Thr,ENST00000372348.6:c.1109T>C,9:g.130873004T>C
2432718,2432718,ABL1,ENST00000372348.6,1,Yes,Imatinib,COSM12608,COSV59334206,115247465,p.M263V,c.787A>G,haematopoietic_and_lymphoid_tissue,NS,NS,lymphoid_neoplasm,acute_lymphoblastic_leukaemia,Ph_positive,22299775,null,Variant of unknown origin,Tumour Sample,Heterozygous,9:130862943..130862943,ENSP00000361423.2:p.Met263Val,ENST00000372348.6:c.787A>G,9:g.130862943A>G
903870,903870,ABL1,ENST00000372348.6,1,Yes,Imatinib,COSM12573,COSV59325418,115248416,p.E274K,c.820G>A,haematopoietic_and_lymphoid_tissue,NS,NS,lymphoid_neoplasm,acute_lymphoblastic_leukaemia,Ph_positive,11853795,null,Variant of unknown origin,Tumour Sample,Heterozygous,9:130862976..130862976,ENSP00000361423.2:p.Glu274Lys,ENST00000372348.6:c.820G>A,9:g.130862976G>A
904307,904307,ABL1,ENST00000372348.6,1,Yes,Imatinib,COSM12604,COSV59323744,115248423,p.H415R,c.1244A>G,haematopoietic_and_lymphoid_tissue,NS,NS,haematopoietic_neoplasm,chronic_myeloid_leukaemia,NS,12399961,null,Variant of unknown origin,Tumour Sample,Unknown,9:130874969..130874969,ENSP00000361423.2:p.His415Arg,ENST00000372348.6:c.1244A>G,9:g.130874969A>G
905486,905486,ABL1,ENST00000372348.6,1,Yes,Imatinib,COSM12577,COSV59324360,115250271,p.G269E,c.806G>A,haematopoietic_and_lymphoid_tissue,NS,NS,haematopoietic_neoplasm,chronic_myeloid_leukaemia,NS,12623848,null,Variant of unknown origin,Tumour Sample,Unknown,9:130862962..130862962,ENSP00000361423.2:p.Gly269Glu,ENST00000372348.6:c.806G>A,9:g.130862962G>A
905488,905488,ABL1,ENST00000372348.6,1,Yes,Imatinib,COSM12632,COSV59339711,115276950,p.Q271H,c.813G>T,haematopoietic_and_lymphoid_tissue,NS,NS,haematopoietic_neoplasm,chronic_myeloid_leukaemia,NS,12623848,null,Variant of unknown origin,Tumour Sample,Unknown,9:130862969..130862969,ENSP00000361423.2:p.Gln271His,ENST00000372348.6:c.813G>T,9:g.130862969G>T
1655309,1655309,ABL1,ENST00000372348.6,1,Yes,Imatinib,COSM12575,COSV59323734,115250368,p.F336L,c.1008C>G,haematopoietic_and_lymphoid_tissue,NS,NS,haematopoietic_neoplasm,chronic_myeloid_leukaemia,NS,20367437,null,Previously Reported,Tumour Sample,Unknown,9:130872903..130872903,ENSP00000361423.2:p.Phe336Leu,ENST00000372348.6:c.1008C>G,9:g.130872903C>G
2324037,2324037,ABL1,ENST00000372348.6,1,Yes,Dasatinib,COSM4767372,COSV59331301,115266401,p.F336R,c.1006_1007delinsCG,haematopoietic_and_lymphoid_tissue,NS,NS,lymphoid_neoplasm,acute_lymphoblastic_leukaemia,Ph_positive,23044928,null,Variant of unknown origin,Tumour Sample,Unknown,9:130872901..130872902,ENSP00000361423.2:p.Phe336Arg,ENST00000372348.6:c.1006_1007delinsCG,9:g.130872901_130872902delinsCG
905171,905171,ABL1,ENST00000372348.6,1,Yes,Imatinib,COSM12603,COSV59344652,115265954,p.T334N,c.1001C>A,haematopoietic_and_lymphoid_tissue,NS,NS,haematopoietic_neoplasm,chronic_myeloid_leukaemia,NS,14745431,null,Variant of unknown origin,Tumour Sample,Unknown,9:130872896..130872896,ENSP00000361423.2:p.Thr334Asn,ENST00000372348.6:c.1001C>A,9:g.130872896C>A
1874588,1874588,ABL1,ENST00000372348.6,1,Yes,Imatinib,COSM12560,COSV59323790,115247310,p.T334I,c.1001C>T,haematopoietic_and_lymphoid_tissue,NS,NS,haematopoietic_neoplasm,chronic_myeloid_leukaemia,Ph_positive,23355941,null,Previously Reported,Tumour Sample,Unknown,9:130872896..130872896,ENSP00000361423.2:p.Thr334Ile,ENST00000372348.6:c.1001C>T,9:g.130872896C>T
1989313,1989313,ABL1,ENST00000372348.6,1,Yes,Tyrosine kinase inhibitor - NS,COSM12560,COSV59323790,115247310,p.T334I,c.1001C>T,haematopoietic_and_lymphoid_tissue,NS,NS,haematopoietic_neoplasm,chronic_myeloid_leukaemia,NS,22870928,null,Previously Reported,Tumour Sample,Unknown,9:130872896..130872896,ENSP00000361423.2:p.Thr334Ile,ENST00000372348.6:c.1001C>T,9:g.130872896C>T
2071713,2071713,ABL1,ENST00000372348.6,1,Yes,Imatinib,COSM12577,COSV59324360,115250271,p.G269E,c.806G>A,haematopoietic_and_lymphoid_tissue,NS,NS,haematopoietic_neoplasm,chronic_myeloid_leukaemia,NS,23676790,null,Variant of unknown origin,Tumour Sample,Unknown,9:130862962..130862962,ENSP00000361423.2:p.Gly269Glu,ENST00000372348.6:c.806G>A,9:g.130862962G>A
2071722,2071722,ABL1,ENST00000372348.6,1,Yes,Imatinib,COSM1732689,COSV59335571,115274138,p.E298A,c.893A>C,haematopoietic_and_lymphoid_tissue,NS,NS,haematopoietic_neoplasm,blast_phase_chronic_myeloid_leukaemia,NS,23676790,null,Variant of unknown origin,Tumour Sample,Unknown,9:130872142..130872142,ENSP00000361423.2:p.Glu298Ala,ENST00000372348.6:c.893A>C,9:g.130872142A>C
904082,904082,ABL1,ENST00000372348.6,1,Yes,Imatinib,COSM12573,COSV59325418,115248416,p.E274K,c.820G>A,haematopoietic_and_lymphoid_tissue,NS,NS,haematopoietic_neoplasm,chronic_myeloid_leukaemia,NS,11964322,null,Variant of unknown origin,Tumour Sample,Unknown,9:130862976..130862976,ENSP00000361423.2:p.Glu274Lys,ENST00000372348.6:c.820G>A,9:g.130862976G>A
904291,904291,ABL1,ENST00000372348.6,1,Yes,Imatinib,COSM12560,COSV59323790,115247310,p.T334I,c.1001C>T,haematopoietic_and_lymphoid_tissue,NS,NS,haematopoietic_neoplasm,chronic_myeloid_leukaemia,NS,12399961,null,Previously Reported,Tumour Sample,Unknown,9:130872896..130872896,ENSP00000361423.2:p.Thr334Ile,ENST00000372348.6:c.1001C>T,9:g.130872896C>T
1989321,1989321,ABL1,ENST00000372348.6,1,Yes,Tyrosine kinase inhibitor - NS,COSM12577,COSV59324360,115250271,p.G269E,c.806G>A,haematopoietic_and_lymphoid_tissue,NS,NS,haematopoietic_neoplasm,chronic_myeloid_leukaemia,NS,22870928,null,Variant of unknown origin,Tumour Sample,Unknown,9:130862962..130862962,ENSP00000361423.2:p.Gly269Glu,ENST00000372348.6:c.806G>A,9:g.130862962G>A
905456,905456,ABL1,ENST00000372348.6,1,Yes,Imatinib,COSM12611,COSV59325892,115252387,p.E374G,c.1121A>G,haematopoietic_and_lymphoid_tissue,NS,NS,haematopoietic_neoplasm,chronic_myeloid_leukaemia,NS,12623848,null,Variant of unknown origin,Tumour Sample,Unknown,9:130873016..130873016,ENSP00000361423.2:p.Glu374Gly,ENST00000372348.6:c.1121A>G,9:g.130873016A>G
2071712,2071712,ABL1,ENST00000372348.6,1,Yes,Imatinib,COSM12577,COSV59324360,115250271,p.G269E,c.806G>A,haematopoietic_and_lymphoid_tissue,NS,NS,haematopoietic_neoplasm,chronic_myeloid_leukaemia,NS,23676790,null,Variant of unknown origin,Tumour Sample,Unknown,9:130862962..130862962,ENSP00000361423.2:p.Gly269Glu,ENST00000372348.6:c.806G>A,9:g.130862962G>A
2071733,2071733,ABL1,ENST00000372348.6,1,Yes,Imatinib,COSM1732691,COSV59326146,115258715,p.F378C,c.1133T>G,haematopoietic_and_lymphoid_tissue,NS,NS,haematopoietic_neoplasm,chronic_myeloid_leukaemia,NS,23676790,null,Variant of unknown origin,Tumour Sample,Unknown,9:130873028..130873028,ENSP00000361423.2:p.Phe378Cys,ENST00000372348.6:c.1133T>G,9:g.130873028T>G
2071734,2071734,ABL1,ENST00000372348.6,1,Yes,Imatinib,COSM1732691,COSV59326146,115258715,p.F378C,c.1133T>G,haematopoietic_and_lymphoid_tissue,NS,NS,haematopoietic_neoplasm,chronic_myeloid_leukaemia,NS,23676790,null,Variant of unknown origin,Tumour Sample,Unknown,9:130873028..130873028,ENSP00000361423.2:p.Phe378Cys,ENST00000372348.6:c.1133T>G,9:g.130873028T>G
905486,905486,ABL1,ENST00000372348.6,1,Yes,Imatinib,COSM12633,COSV59343940,115260611,p.S436Y,c.1307C>A,haematopoietic_and_lymphoid_tissue,NS,NS,haematopoietic_neoplasm,chronic_myeloid_leukaemia,NS,12623848,null,Variant of unknown origin,Tumour Sample,Unknown,9:130875032..130875032,ENSP00000361423.2:p.Ser436Tyr,ENST00000372348.6:c.1307C>A,9:g.130875032C>A
905492,905492,ABL1,ENST00000372348.6,1,Yes,Imatinib,COSM12560,COSV59323790,115247310,p.T334I,c.1001C>T,haematopoietic_and_lymphoid_tissue,NS,NS,haematopoietic_neoplasm,chronic_myeloid_leukaemia,NS,12623848,null,Previously Reported,Tumour Sample,Unknown,9:130872896..130872896,ENSP00000361423.2:p.Thr334Ile,ENST00000372348.6:c.1001C>T,9:g.130872896C>T
2071717,2071717,ABL1,ENST00000372348.6,1,Yes,Imatinib,COSM12576,COSV59325175,115250439,p.Y272H,c.814T>C,haematopoietic_and_lymphoid_tissue,NS,NS,haematopoietic_neoplasm,chronic_myeloid_leukaemia,NS,23676790,null,Variant of unknown origin,Tumour Sample,Unknown,9:130862970..130862970,ENSP00000361423.2:p.Tyr272His,ENST00000372348.6:c.814T>C,9:g.130862970T>C
2071739,2071739,ABL1,ENST00000372348.6,1,Yes,Imatinib,COSM1460549,COSV59327102,115267910,p.E478G,c.1433A>G,haematopoietic_and_lymphoid_tissue,NS,NS,haematopoietic_neoplasm,chronic_myeloid_leukaemia,NS,23676790,null,Variant of unknown origin,Tumour Sample,Unknown,9:130878520..130878520,ENSP00000361423.2:p.Glu478Gly,ENST00000372348.6:c.1433A>G,9:g.130878520A>G
2071736,2071736,ABL1,ENST00000372348.6,1,Yes,Imatinib,COSM131574,COSV59325471,115250159,p.L406M,c.1216T>A,haematopoietic_and_lymphoid_tissue,NS,NS,haematopoietic_neoplasm,chronic_myeloid_leukaemia,NS,23676790,null,Variant of unknown origin,Tumour Sample,Unknown,9:130874941..130874941,ENSP00000361423.2:p.Leu406Met,ENST00000372348.6:c.1216T>A,9:g.130874941T>A
905445,905445,ABL1,ENST00000372348.6,1,Yes,Imatinib,COSM12578,COSV59325906,115250278,p.M370T,c.1109T>C,haematopoietic_and_lymphoid_tissue,NS,NS,haematopoietic_neoplasm,chronic_myeloid_leukaemia,NS,12623848,null,Variant of unknown origin,Tumour Sample,Unknown,9:130873004..130873004,ENSP00000361423.2:p.Met370Thr,ENST00000372348.6:c.1109T>C,9:g.130873004T>C
905486,905486,ABL1,ENST00000372348.6,1,Yes,Imatinib,COSM12631,COSV59325261,115247428,p.L267V,c.799C>G,haematopoietic_and_lymphoid_tissue,NS,NS,haematopoietic_neoplasm,chronic_myeloid_leukaemia,NS,12623848,null,Variant of unknown origin,Tumour Sample,Unknown,9:130862955..130862955,ENSP00000361423.2:p.Leu267Val,ENST00000372348.6:c.799C>G,9:g.130862955C>G
2071721,2071721,ABL1,ENST00000372348.6,1,Yes,Imatinib,COSM1732688,COSV59338309,115248808,p.D295N,c.883G>A,haematopoietic_and_lymphoid_tissue,NS,NS,haematopoietic_neoplasm,chronic_myeloid_leukaemia,NS,23676790,null,Variant of unknown origin,Tumour Sample,Unknown,9:130872132..130872132,ENSP00000361423.2:p.Asp295Asn,ENST00000372348.6:c.883G>A,9:g.130872132G>A
2368723,2368723,ABL1,ENST00000372348.6,1,Yes,Imatinib,COSM12573,COSV59325418,115248416,p.E274K,c.820G>A,haematopoietic_and_lymphoid_tissue,NS,NS,haematopoietic_neoplasm,chronic_myeloid_leukaemia,Ph_positive,25807654,null,Variant of unknown origin,Tumour Sample,Unknown,9:130862976..130862976,ENSP00000361423.2:p.Glu274Lys,ENST00000372348.6:c.820G>A,9:g.130862976G>A
904095,904095,ABL1,ENST00000372348.6,1,Yes,Imatinib,COSM12578,COSV59325906,115250278,p.M370T,c.1109T>C,haematopoietic_and_lymphoid_tissue,NS,NS,haematopoietic_neoplasm,chronic_myeloid_leukaemia,NS,11964322,null,Variant of unknown origin,Tumour Sample,Unknown,9:130873004..130873004,ENSP00000361423.2:p.Met370Thr,ENST00000372348.6:c.1109T>C,9:g.130873004T>C
904305,904305,ABL1,ENST00000372348.6,1,Yes,Imatinib,COSM12611,COSV59325892,115252387,p.E374G,c.1121A>G,haematopoietic_and_lymphoid_tissue,NS,NS,haematopoietic_neoplasm,chronic_myeloid_leukaemia,NS,12399961,null,Variant of unknown origin,Tumour Sample,Unknown,9:130873016..130873016,ENSP00000361423.2:p.Glu374Gly,ENST00000372348.6:c.1121A>G,9:g.130873016A>G
905165,905165,ABL1,ENST00000372348.6,1,Yes,Imatinib,COSM12576,COSV59325175,115250439,p.Y272H,c.814T>C,haematopoietic_and_lymphoid_tissue,NS,NS,haematopoietic_neoplasm,blast_phase_chronic_myeloid_leukaemia,NS,14745431,null,Variant of unknown origin,Tumour Sample,Unknown,9:130862970..130862970,ENSP00000361423.2:p.Tyr272His,ENST00000372348.6:c.814T>C,9:g.130862970T>C
905169,905169,ABL1,ENST00000372348.6,1,Yes,Imatinib,COSM12573,COSV59325418,115248416,p.E274K,c.820G>A,haematopoietic_and_lymphoid_tissue,NS,NS,haematopoietic_neoplasm,blast_phase_chronic_myeloid_leukaemia,NS,14745431,null,Variant of unknown origin,Tumour Sample,Unknown,9:130862976..130862976,ENSP00000361423.2:p.Glu274Lys,ENST00000372348.6:c.820G>A,9:g.130862976G>A
905496,905496,ABL1,ENST00000372348.6,1,Yes,Imatinib,COSM12578,COSV59325906,115250278,p.M370T,c.1109T>C,haematopoietic_and_lymphoid_tissue,NS,NS,haematopoietic_neoplasm,chronic_myeloid_leukaemia,NS,12623848,null,Variant of unknown origin,Tumour Sample,Unknown,9:130873004..130873004,ENSP00000361423.2:p.Met370Thr,ENST00000372348.6:c.1109T>C,9:g.130873004T>C
2071711,2071711,ABL1,ENST00000372348.6,1,Yes,Imatinib,COSM12608,COSV59334206,115247465,p.M263V,c.787A>G,haematopoietic_and_lymphoid_tissue,NS,NS,haematopoietic_neoplasm,chronic_myeloid_leukaemia,NS,23676790,null,Variant of unknown origin,Tumour Sample,Unknown,9:130862943..130862943,ENSP00000361423.2:p.Met263Val,ENST00000372348.6:c.787A>G,9:g.130862943A>G
2071714,2071714,ABL1,ENST00000372348.6,1,Yes,Imatinib,COSM12577,COSV59324360,115250271,p.G269E,c.806G>A,haematopoietic_and_lymphoid_tissue,NS,NS,haematopoietic_neoplasm,chronic_myeloid_leukaemia,NS,23676790,null,Variant of unknown origin,Tumour Sample,Unknown,9:130862962..130862962,ENSP00000361423.2:p.Gly269Glu,ENST00000372348.6:c.806G>A,9:g.130862962G>A
904277,904277,ABL1,ENST00000372348.6,1,Yes,Imatinib,COSM12573,COSV59325418,115248416,p.E274K,c.820G>A,haematopoietic_and_lymphoid_tissue,NS,NS,haematopoietic_neoplasm,chronic_myeloid_leukaemia,NS,12399961,null,Variant of unknown origin,Tumour Sample,Unknown,9:130862976..130862976,ENSP00000361423.2:p.Glu274Lys,ENST00000372348.6:c.820G>A,9:g.130862976G>A
904299,904299,ABL1,ENST00000372348.6,1,Yes,Imatinib,COSM12578,COSV59325906,115250278,p.M370T,c.1109T>C,haematopoietic_and_lymphoid_tissue,NS,NS,haematopoietic_neoplasm,chronic_myeloid_leukaemia,NS,12399961,null,Variant of unknown origin,Tumour Sample,Unknown,9:130873004..130873004,ENSP00000361423.2:p.Met370Thr,ENST00000372348.6:c.1109T>C,9:g.130873004T>C
905451,905451,ABL1,ENST00000372348.6,1,Yes,Imatinib,COSM12605,COSV59324758,115250410,p.F378V,c.1132T>G,haematopoietic_and_lymphoid_tissue,NS,NS,haematopoietic_neoplasm,chronic_myeloid_leukaemia,NS,12623848,null,Variant of unknown origin,Tumour Sample,Unknown,9:130873027..130873027,ENSP00000361423.2:p.Phe378Val,ENST00000372348.6:c.1132T>G,9:g.130873027T>G
1655311,1655311,ABL1,ENST00000372348.6,1,Yes,Imatinib,COSM12575,COSV59323734,115250368,p.F336L,c.1008C>G,haematopoietic_and_lymphoid_tissue,NS,NS,haematopoietic_neoplasm,chronic_myeloid_leukaemia,NS,20367437,null,Previously Reported,Tumour Sample,Unknown,9:130872903..130872903,ENSP00000361423.2:p.Phe336Leu,ENST00000372348.6:c.1008C>G,9:g.130872903C>G
1655343,1655343,ABL1,ENST00000372348.6,1,Yes,Imatinib,COSM12576,COSV59325175,115250439,p.Y272H,c.814T>C,haematopoietic_and_lymphoid_tissue,NS,NS,haematopoietic_neoplasm,chronic_myeloid_leukaemia,NS,20367437,null,Variant of unknown origin,Tumour Sample,Unknown,9:130862970..130862970,ENSP00000361423.2:p.Tyr272His,ENST00000372348.6:c.814T>C,9:g.130862970T>C
2071723,2071723,ABL1,ENST00000372348.6,1,Yes,Imatinib,COSM12560,COSV59323790,115247310,p.T334I,c.1001C>T,haematopoietic_and_lymphoid_tissue,NS,NS,haematopoietic_neoplasm,blast_phase_chronic_myeloid_leukaemia,NS,23676790,null,Previously Reported,Tumour Sample,Unknown,9:130872896..130872896,ENSP00000361423.2:p.Thr334Ile,ENST00000372348.6:c.1001C>T,9:g.130872896C>T
2071727,2071727,ABL1,ENST00000372348.6,1,Yes,Imatinib,COSM12575,COSV59323734,115250368,p.F336L,c.1008C>G,haematopoietic_and_lymphoid_tissue,NS,NS,haematopoietic_neoplasm,chronic_myeloid_leukaemia,NS,23676790,null,Previously Reported,Tumour Sample,Unknown,9:130872903..130872903,ENSP00000361423.2:p.Phe336Leu,ENST00000372348.6:c.1008C>G,9:g.130872903C>G
904075,904075,ABL1,ENST00000372348.6,1,Yes,Imatinib,COSM12575,COSV59323734,115250368,p.F336L,c.1008C>G,haematopoietic_and_lymphoid_tissue,NS,NS,haematopoietic_neoplasm,chronic_myeloid_leukaemia,NS,11964322,null,Previously Reported,Tumour Sample,Unknown,9:130872903..130872903,ENSP00000361423.2:p.Phe336Leu,ENST00000372348.6:c.1008C>G,9:g.130872903C>G
905445,905445,ABL1,ENST00000372348.6,1,Yes,Imatinib,COSM12577,COSV59324360,115250271,p.G269E,c.806G>A,haematopoietic_and_lymphoid_tissue,NS,NS,haematopoietic_neoplasm,chronic_myeloid_leukaemia,NS,12623848,null,Variant of unknown origin,Tumour Sample,Unknown,9:130862962..130862962,ENSP00000361423.2:p.Gly269Glu,ENST00000372348.6:c.806G>A,9:g.130862962G>A
905452,905452,ABL1,ENST00000372348.6,1,Yes,Imatinib,COSM12560,COSV59323790,115247310,p.T334I,c.1001C>T,haematopoietic_and_lymphoid_tissue,NS,NS,haematopoietic_neoplasm,chronic_myeloid_leukaemia,NS,12623848,null,Previously Reported,Tumour Sample,Unknown,9:130872896..130872896,ENSP00000361423.2:p.Thr334Ile,ENST00000372348.6:c.1001C>T,9:g.130872896C>T
1655319,1655319,ABL1,ENST00000372348.6,1,Yes,Imatinib,COSM12577,COSV59324360,115250271,p.G269E,c.806G>A,haematopoietic_and_lymphoid_tissue,NS,NS,haematopoietic_neoplasm,chronic_myeloid_leukaemia,NS,20367437,null,Variant of unknown origin,Tumour Sample,Unknown,9:130862962..130862962,ENSP00000361423.2:p.Gly269Glu,ENST00000372348.6:c.806G>A,9:g.130862962G>A
903868,903868,ABL1,ENST00000372348.6,1,Yes,Imatinib,COSM12576,COSV59325175,115250439,p.Y272H,c.814T>C,haematopoietic_and_lymphoid_tissue,NS,NS,lymphoid_neoplasm,acute_lymphoblastic_leukaemia,Ph_positive,11853795,null,Variant of unknown origin,Tumour Sample,Homozygous,9:130862970..130862970,ENSP00000361423.2:p.Tyr272His,ENST00000372348.6:c.814T>C,9:g.130862970T>C
904076,904076,ABL1,ENST00000372348.6,1,Yes,Imatinib,COSM12577,COSV59324360,115250271,p.G269E,c.806G>A,haematopoietic_and_lymphoid_tissue,NS,NS,haematopoietic_neoplasm,blast_phase_chronic_myeloid_leukaemia,NS,11964322,null,Variant of unknown origin,Tumour Sample,Unknown,9:130862962..130862962,ENSP00000361423.2:p.Gly269Glu,ENST00000372348.6:c.806G>A,9:g.130862962G>A
904084,904084,ABL1,ENST00000372348.6,1,Yes,Imatinib,COSM12573,COSV59325418,115248416,p.E274K,c.820G>A,haematopoietic_and_lymphoid_tissue,NS,NS,lymphoid_neoplasm,acute_lymphoblastic_leukaemia,Ph_positive,11964322,null,Variant of unknown origin,Tumour Sample,Unknown,9:130862976..130862976,ENSP00000361423.2:p.Glu274Lys,ENST00000372348.6:c.820G>A,9:g.130862976G>A
1874589,1874589,ABL1,ENST00000372348.6,1,Yes,Imatinib,COSM12560,COSV59323790,115247310,p.T334I,c.1001C>T,haematopoietic_and_lymphoid_tissue,NS,NS,haematopoietic_neoplasm,chronic_myeloid_leukaemia,Ph_positive,23355941,null,Previously Reported,Tumour Sample,Unknown,9:130872896..130872896,ENSP00000361423.2:p.Thr334Ile,ENST00000372348.6:c.1001C>T,9:g.130872896C>T
904073,904073,ABL1,ENST00000372348.6,1,Yes,Imatinib,COSM12576,COSV59325175,115250439,p.Y272H,c.814T>C,haematopoietic_and_lymphoid_tissue,NS,NS,lymphoid_neoplasm,acute_lymphoblastic_leukaemia,Ph_positive,11964322,null,Variant of unknown origin,Tumour Sample,Unknown,9:130862970..130862970,ENSP00000361423.2:p.Tyr272His,ENST00000372348.6:c.814T>C,9:g.130862970T>C
905498,905498,ABL1,ENST00000372348.6,1,Yes,Imatinib,COSM12611,COSV59325892,115252387,p.E374G,c.1121A>G,haematopoietic_and_lymphoid_tissue,NS,NS,haematopoietic_neoplasm,chronic_myeloid_leukaemia,NS,12623848,null,Variant of unknown origin,Tumour Sample,Unknown,9:130873016..130873016,ENSP00000361423.2:p.Glu374Gly,ENST00000372348.6:c.1121A>G,9:g.130873016A>G
1565824,1565824,ABL1,ENST00000372348.6,1,Yes,Tyrosine kinase inhibitor - NS,COSM12602,COSV59323752,115249060,p.D295G,c.884A>G,haematopoietic_and_lymphoid_tissue,NS,NS,haematopoietic_neoplasm,chronic_myeloid_leukaemia,NS,21895409,null,Previously Reported,Tumour Sample,Unknown,9:130872133..130872133,ENSP00000361423.2:p.Asp295Gly,ENST00000372348.6:c.884A>G,9:g.130872133A>G
1655321,1655321,ABL1,ENST00000372348.6,1,Yes,Imatinib,COSM12577,COSV59324360,115250271,p.G269E,c.806G>A,haematopoietic_and_lymphoid_tissue,NS,NS,haematopoietic_neoplasm,chronic_myeloid_leukaemia,NS,20367437,null,Variant of unknown origin,Tumour Sample,Unknown,9:130862962..130862962,ENSP00000361423.2:p.Gly269Glu,ENST00000372348.6:c.806G>A,9:g.130862962G>A
1874585,1874585,ABL1,ENST00000372348.6,1,Yes,Imatinib,COSM12560,COSV59323790,115247310,p.T334I,c.1001C>T,haematopoietic_and_lymphoid_tissue,NS,NS,haematopoietic_neoplasm,chronic_myeloid_leukaemia,Ph_positive,23355941,null,Previously Reported,Tumour Sample,Heterozygous,9:130872896..130872896,ENSP00000361423.2:p.Thr334Ile,ENST00000372348.6:c.1001C>T,9:g.130872896C>T
903854,903854,ABL1,ENST00000372348.6,1,Yes,Imatinib,COSM12574,COSV59325003,115249054,p.E274V,c.821A>T,haematopoietic_and_lymphoid_tissue,NS,NS,lymphoid_neoplasm,acute_lymphoblastic_leukaemia,Ph_positive,11853795,null,Variant of unknown origin,Tumour Sample,Homozygous,9:130862977..130862977,ENSP00000361423.2:p.Glu274Val,ENST00000372348.6:c.821A>T,9:g.130862977A>T
2071724,2071724,ABL1,ENST00000372348.6,1,Yes,Imatinib,COSM12560,COSV59323790,115247310,p.T334I,c.1001C>T,haematopoietic_and_lymphoid_tissue,NS,NS,haematopoietic_neoplasm,chronic_myeloid_leukaemia,NS,23676790,null,Previously Reported,Tumour Sample,Unknown,9:130872896..130872896,ENSP00000361423.2:p.Thr334Ile,ENST00000372348.6:c.1001C>T,9:g.130872896C>T
903863,903863,ABL1,ENST00000372348.6,1,Yes,Imatinib,COSM12564,COSV59324877,115257201,p.H415P,c.1244A>C,haematopoietic_and_lymphoid_tissue,NS,NS,lymphoid_neoplasm,acute_lymphoblastic_leukaemia,Ph_positive,11853795,null,Variant of unknown origin,Tumour Sample,Homozygous,9:130874969..130874969,ENSP00000361423.2:p.His415Pro,ENST00000372348.6:c.1244A>C,9:g.130874969A>C
905166,905166,ABL1,ENST00000372348.6,1,Yes,Imatinib,COSM12576,COSV59325175,115250439,p.Y272H,c.814T>C,haematopoietic_and_lymphoid_tissue,NS,NS,haematopoietic_neoplasm,chronic_myeloid_leukaemia,NS,14745431,null,Variant of unknown origin,Tumour Sample,Unknown,9:130862970..130862970,ENSP00000361423.2:p.Tyr272His,ENST00000372348.6:c.814T>C,9:g.130862970T>C
1655323,1655323,ABL1,ENST00000372348.6,1,Yes,Imatinib,COSM12631,COSV59325261,115247428,p.L267V,c.799C>G,haematopoietic_and_lymphoid_tissue,NS,NS,haematopoietic_neoplasm,chronic_myeloid_leukaemia,NS,20367437,null,Variant of unknown origin,Tumour Sample,Unknown,9:130862955..130862955,ENSP00000361423.2:p.Leu267Val,ENST00000372348.6:c.799C>G,9:g.130862955C>G
2071725,2071725,ABL1,ENST00000372348.6,1,Yes,Imatinib,COSM12560,COSV59323790,115247310,p.T334I,c.1001C>T,haematopoietic_and_lymphoid_tissue,NS,NS,haematopoietic_neoplasm,chronic_myeloid_leukaemia,NS,23676790,null,Previously Reported,Tumour Sample,Unknown,9:130872896..130872896,ENSP00000361423.2:p.Thr334Ile,ENST00000372348.6:c.1001C>T,9:g.130872896C>T
2324033,2324033,ABL1,ENST00000372348.6,1,Yes,Imatinib,COSM133668,COSV59324514,115247642,p.F378I,c.1132T>A,haematopoietic_and_lymphoid_tissue,NS,NS,haematopoietic_neoplasm,chronic_myeloid_leukaemia,NS,23044928,null,Variant of unknown origin,Tumour Sample,Homozygous,9:130873027..130873027,ENSP00000361423.2:p.Phe378Ile,ENST00000372348.6:c.1132T>A,9:g.130873027T>A
905454,905454,ABL1,ENST00000372348.6,1,Yes,Imatinib,COSM12604,COSV59323744,115248423,p.H415R,c.1244A>G,haematopoietic_and_lymphoid_tissue,NS,NS,haematopoietic_neoplasm,chronic_myeloid_leukaemia,NS,12623848,null,Variant of unknown origin,Tumour Sample,Unknown,9:130874969..130874969,ENSP00000361423.2:p.His415Arg,ENST00000372348.6:c.1244A>G,9:g.130874969A>G
1565832,1565832,ABL1,ENST00000372348.6,1,Yes,Tyrosine kinase inhibitor - NS,COSM12605,COSV59324758,115250410,p.F378V,c.1132T>G,haematopoietic_and_lymphoid_tissue,NS,NS,haematopoietic_neoplasm,chronic_myeloid_leukaemia,NS,21895409,null,Variant of unknown origin,Tumour Sample,Unknown,9:130873027..130873027,ENSP00000361423.2:p.Phe378Val,ENST00000372348.6:c.1132T>G,9:g.130873027T>G
1655313,1655313,ABL1,ENST00000372348.6,1,Yes,Imatinib,COSM12575,COSV59323734,115250368,p.F336L,c.1008C>G,haematopoietic_and_lymphoid_tissue,NS,NS,haematopoietic_neoplasm,chronic_myeloid_leukaemia,NS,20367437,null,Confirmed Somatic,Tumour Sample,Unknown,9:130872903..130872903,ENSP00000361423.2:p.Phe336Leu,ENST00000372348.6:c.1008C>G,9:g.130872903C>G
2071730,2071730,ABL1,ENST00000372348.6,1,Yes,Imatinib,COSM12611,COSV59325892,115252387,p.E374G,c.1121A>G,haematopoietic_and_lymphoid_tissue,NS,NS,haematopoietic_neoplasm,chronic_myeloid_leukaemia,NS,23676790,null,Variant of unknown origin,Tumour Sample,Unknown,9:130873016..130873016,ENSP00000361423.2:p.Glu374Gly,ENST00000372348.6:c.1121A>G,9:g.130873016A>G
2071732,2071732,ABL1,ENST00000372348.6,1,Yes,Imatinib,COSM12605,COSV59324758,115250410,p.F378V,c.1132T>G,haematopoietic_and_lymphoid_tissue,NS,NS,haematopoietic_neoplasm,chronic_myeloid_leukaemia,NS,23676790,null,Variant of unknown origin,Tumour Sample,Unknown,9:130873027..130873027,ENSP00000361423.2:p.Phe378Val,ENST00000372348.6:c.1132T>G,9:g.130873027T>G
903859,903859,ABL1,ENST00000372348.6,1,Yes,Imatinib,COSM12573,COSV59325418,115248416,p.E274K,c.820G>A,haematopoietic_and_lymphoid_tissue,NS,NS,haematopoietic_neoplasm,blast_phase_chronic_myeloid_leukaemia,NS,11853795,null,Variant of unknown origin,Tumour Sample,Homozygous,9:130862976..130862976,ENSP00000361423.2:p.Glu274Lys,ENST00000372348.6:c.820G>A,9:g.130862976G>A
905488,905488,ABL1,ENST00000372348.6,1,Yes,Imatinib,COSM12609,COSV59323765,115258032,p.Q271H,c.813G>C,haematopoietic_and_lymphoid_tissue,NS,NS,haematopoietic_neoplasm,chronic_myeloid_leukaemia,NS,12623848,null,Variant of unknown origin,Tumour Sample,Unknown,9:130862969..130862969,ENSP00000361423.2:p.Gln271His,ENST00000372348.6:c.813G>C,9:g.130862969G>C
1565836,1565836,ABL1,ENST00000372348.6,1,Yes,Tyrosine kinase inhibitor - NS,COSM131577,COSV59325302,115265871,p.M407L,c.1219A>T,haematopoietic_and_lymphoid_tissue,NS,NS,haematopoietic_neoplasm,chronic_myeloid_leukaemia,NS,21895409,null,Variant of unknown origin,Tumour Sample,Unknown,9:130874944..130874944,ENSP00000361423.2:p.Met407Leu,ENST00000372348.6:c.1219A>T,9:g.130874944A>T
1989312,1989312,ABL1,ENST00000372348.6,1,Yes,Tyrosine kinase inhibitor - NS,COSM12560,COSV59323790,115247310,p.T334I,c.1001C>T,haematopoietic_and_lymphoid_tissue,NS,NS,haematopoietic_neoplasm,chronic_myeloid_leukaemia,NS,22870928,null,Previously Reported,Tumour Sample,Unknown,9:130872896..130872896,ENSP00000361423.2:p.Thr334Ile,ENST00000372348.6:c.1001C>T,9:g.130872896C>T
904297,904297,ABL1,ENST00000372348.6,1,Yes,Imatinib,COSM12578,COSV59325906,115250278,p.M370T,c.1109T>C,haematopoietic_and_lymphoid_tissue,NS,NS,haematopoietic_neoplasm,chronic_myeloid_leukaemia,NS,12399961,null,Variant of unknown origin,Tumour Sample,Unknown,9:130873004..130873004,ENSP00000361423.2:p.Met370Thr,ENST00000372348.6:c.1109T>C,9:g.130873004T>C
2071740,2071740,ABL1,ENST00000372348.6,1,Yes,Imatinib,COSM1460549,COSV59327102,115267910,p.E478G,c.1433A>G,haematopoietic_and_lymphoid_tissue,NS,NS,haematopoietic_neoplasm,chronic_myeloid_leukaemia,NS,23676790,null,Variant of unknown origin,Tumour Sample,Unknown,9:130878520..130878520,ENSP00000361423.2:p.Glu478Gly,ENST00000372348.6:c.1433A>G,9:g.130878520A>G
904067,904067,ABL1,ENST00000372348.6,1,Yes,Imatinib,COSM12560,COSV59323790,115247310,p.T334I,c.1001C>T,haematopoietic_and_lymphoid_tissue,NS,NS,haematopoietic_neoplasm,chronic_myeloid_leukaemia,NS,11964322,null,Previously Reported,Tumour Sample,Unknown,9:130872896..130872896,ENSP00000361423.2:p.Thr334Ile,ENST00000372348.6:c.1001C>T,9:g.130872896C>T
904287,904287,ABL1,ENST00000372348.6,1,Yes,Imatinib,COSM12560,COSV59323790,115247310,p.T334I,c.1001C>T,haematopoietic_and_lymphoid_tissue,NS,NS,haematopoietic_neoplasm,chronic_myeloid_leukaemia,NS,12399961,null,Previously Reported,Tumour Sample,Unknown,9:130872896..130872896,ENSP00000361423.2:p.Thr334Ile,ENST00000372348.6:c.1001C>T,9:g.130872896C>T
1655317,1655317,ABL1,ENST00000372348.6,1,Yes,Imatinib,COSM211607,COSV59333676,115254280,p.F336V,c.1006T>G,haematopoietic_and_lymphoid_tissue,NS,NS,haematopoietic_neoplasm,chronic_myeloid_leukaemia,NS,20367437,null,Variant of unknown origin,Tumour Sample,Unknown,9:130872901..130872901,ENSP00000361423.2:p.Phe336Val,ENST00000372348.6:c.1006T>G,9:g.130872901T>G
904275,904275,ABL1,ENST00000372348.6,1,Yes,Imatinib,COSM12610,COSV59324372,115260376,p.Y272F,c.815A>T,haematopoietic_and_lymphoid_tissue,NS,NS,haematopoietic_neoplasm,chronic_myeloid_leukaemia,NS,12399961,null,Variant of unknown origin,Tumour Sample,Unknown,9:130862971..130862971,ENSP00000361423.2:p.Tyr272Phe,ENST00000372348.6:c.815A>T,9:g.130862971A>T
905490,905490,ABL1,ENST00000372348.6,1,Yes,Imatinib,COSM12610,COSV59324372,115260376,p.Y272F,c.815A>T,haematopoietic_and_lymphoid_tissue,NS,NS,haematopoietic_neoplasm,chronic_myeloid_leukaemia,NS,12623848,null,Variant of unknown origin,Tumour Sample,Unknown,9:130862971..130862971,ENSP00000361423.2:p.Tyr272Phe,ENST00000372348.6:c.815A>T,9:g.130862971A>T
905453,905453,ABL1,ENST00000372348.6,1,Yes,Imatinib,COSM12605,COSV59324758,115250410,p.F378V,c.1132T>G,haematopoietic_and_lymphoid_tissue,NS,NS,haematopoietic_neoplasm,chronic_myeloid_leukaemia,NS,12623848,null,Variant of unknown origin,Tumour Sample,Unknown,9:130873027..130873027,ENSP00000361423.2:p.Phe378Val,ENST00000372348.6:c.1132T>G,9:g.130873027T>G
905486,905486,ABL1,ENST00000372348.6,1,Yes,Imatinib,COSM12634,COSV59343946,115260616,p.E478K,c.1432G>A,haematopoietic_and_lymphoid_tissue,NS,NS,haematopoietic_neoplasm,chronic_myeloid_leukaemia,NS,12623848,null,Variant of unknown origin,Tumour Sample,Unknown,9:130878519..130878519,ENSP00000361423.2:p.Glu478Lys,ENST00000372348.6:c.1432G>A,9:g.130878519G>A
905497,905497,ABL1,ENST00000372348.6,1,Yes,Imatinib,COSM12611,COSV59325892,115252387,p.E374G,c.1121A>G,haematopoietic_and_lymphoid_tissue,NS,NS,haematopoietic_neoplasm,chronic_myeloid_leukaemia,NS,12623848,null,Variant of unknown origin,Tumour Sample,Unknown,9:130873016..130873016,ENSP00000361423.2:p.Glu374Gly,ENST00000372348.6:c.1121A>G,9:g.130873016A>G
1655325,1655325,ABL1,ENST00000372348.6,1,Yes,Imatinib,COSM12609,COSV59323765,115258032,p.Q271H,c.813G>C,haematopoietic_and_lymphoid_tissue,NS,NS,haematopoietic_neoplasm,chronic_myeloid_leukaemia,NS,20367437,null,Variant of unknown origin,Tumour Sample,Unknown,9:130862969..130862969,ENSP00000361423.2:p.Gln271His,ENST00000372348.6:c.813G>C,9:g.130862969G>C
2071718,2071718,ABL1,ENST00000372348.6,1,Yes,Imatinib,COSM12574,COSV59325003,115249054,p.E274V,c.821A>T,haematopoietic_and_lymphoid_tissue,NS,NS,haematopoietic_neoplasm,chronic_myeloid_leukaemia,NS,23676790,null,Variant of unknown origin,Tumour Sample,Unknown,9:130862977..130862977,ENSP00000361423.2:p.Glu274Val,ENST00000372348.6:c.821A>T,9:g.130862977A>T
904283,904283,ABL1,ENST00000372348.6,1,Yes,Imatinib,COSM12574,COSV59325003,115249054,p.E274V,c.821A>T,haematopoietic_and_lymphoid_tissue,NS,NS,haematopoietic_neoplasm,chronic_myeloid_leukaemia,NS,12399961,null,Variant of unknown origin,Tumour Sample,Unknown,9:130862977..130862977,ENSP00000361423.2:p.Glu274Val,ENST00000372348.6:c.821A>T,9:g.130862977A>T
1351420,1351420,ABL1,ENST00000372348.6,1,Yes,Imatinib,COSM12560,COSV59323790,115247310,p.T334I,c.1001C>T,haematopoietic_and_lymphoid_tissue,NS,NS,haematopoietic_neoplasm,chronic_myeloid_leukaemia,NS,20512393,null,Previously Reported,Tumour Sample,Unknown,9:130872896..130872896,ENSP00000361423.2:p.Thr334Ile,ENST00000372348.6:c.1001C>T,9:g.130872896C>T
1874587,1874587,ABL1,ENST00000372348.6,1,Yes,Imatinib,COSM12560,COSV59323790,115247310,p.T334I,c.1001C>T,haematopoietic_and_lymphoid_tissue,NS,NS,haematopoietic_neoplasm,chronic_myeloid_leukaemia,Ph_positive,23355941,null,Previously Reported,Tumour Sample,Unknown,9:130872896..130872896,ENSP00000361423.2:p.Thr334Ile,ENST00000372348.6:c.1001C>T,9:g.130872896C>T
1874586,1874586,ABL1,ENST00000372348.6,1,Yes,Imatinib,COSM12560,COSV59323790,115247310,p.T334I,c.1001C>T,haematopoietic_and_lymphoid_tissue,NS,NS,haematopoietic_neoplasm,chronic_myeloid_leukaemia,Ph_positive,23355941,null,Previously Reported,Tumour Sample,Unknown,9:130872896..130872896,ENSP00000361423.2:p.Thr334Ile,ENST00000372348.6:c.1001C>T,9:g.130872896C>T
905446,905446,ABL1,ENST00000372348.6,1,Yes,Imatinib,COSM12609,COSV59323765,115258032,p.Q271H,c.813G>C,haematopoietic_and_lymphoid_tissue,NS,NS,haematopoietic_neoplasm,chronic_myeloid_leukaemia,NS,12623848,null,Variant of unknown origin,Tumour Sample,Unknown,9:130862969..130862969,ENSP00000361423.2:p.Gln271His,ENST00000372348.6:c.813G>C,9:g.130862969G>C
905491,905491,ABL1,ENST00000372348.6,1,Yes,Imatinib,COSM12573,COSV59325418,115248416,p.E274K,c.820G>A,haematopoietic_and_lymphoid_tissue,NS,NS,haematopoietic_neoplasm,chronic_myeloid_leukaemia,NS,12623848,null,Variant of unknown origin,Tumour Sample,Unknown,9:130862976..130862976,ENSP00000361423.2:p.Glu274Lys,ENST00000372348.6:c.820G>A,9:g.130862976G>A
1351419,1351419,ABL1,ENST00000372348.6,1,Yes,Imatinib,COSM12560,COSV59323790,115247310,p.T334I,c.1001C>T,haematopoietic_and_lymphoid_tissue,NS,NS,haematopoietic_neoplasm,chronic_myeloid_leukaemia,NS,20512393,null,Previously Reported,Tumour Sample,Unknown,9:130872896..130872896,ENSP00000361423.2:p.Thr334Ile,ENST00000372348.6:c.1001C>T,9:g.130872896C>T
1655333,1655333,ABL1,ENST00000372348.6,1,Yes,Imatinib,COSM12605,COSV59324758,115250410,p.F378V,c.1132T>G,haematopoietic_and_lymphoid_tissue,NS,NS,haematopoietic_neoplasm,chronic_myeloid_leukaemia,NS,20367437,null,Variant of unknown origin,Tumour Sample,Unknown,9:130873027..130873027,ENSP00000361423.2:p.Phe378Val,ENST00000372348.6:c.1132T>G,9:g.130873027T>G
2071737,2071737,ABL1,ENST00000372348.6,1,Yes,Imatinib,COSM12604,COSV59323744,115248423,p.H415R,c.1244A>G,haematopoietic_and_lymphoid_tissue,NS,NS,haematopoietic_neoplasm,chronic_myeloid_leukaemia,NS,23676790,null,Variant of unknown origin,Tumour Sample,Unknown,9:130874969..130874969,ENSP00000361423.2:p.His415Arg,ENST00000372348.6:c.1244A>G,9:g.130874969A>G
2324036,2324036,ABL1,ENST00000372348.6,1,Yes,Nilotinib,COSM4767371,COSV59329005,115259635,p.T334V,c.1000_1001inv,haematopoietic_and_lymphoid_tissue,NS,NS,haematopoietic_neoplasm,blast_phase_chronic_myeloid_leukaemia,NS,23044928,null,Variant of unknown origin,Tumour Sample,Homozygous,9:130872895..130872896,ENSP00000361423.2:p.Thr334Val,ENST00000372348.6:c.1000_1001inv,9:g.130872895_130872896inv
1565834,1565834,ABL1,ENST00000372348.6,1,Yes,Tyrosine kinase inhibitor - NS,COSM131574,COSV59325471,115250159,p.L406M,c.1216T>A,haematopoietic_and_lymphoid_tissue,NS,NS,haematopoietic_neoplasm,chronic_myeloid_leukaemia,NS,21895409,null,Variant of unknown origin,Tumour Sample,Unknown,9:130874941..130874941,ENSP00000361423.2:p.Leu406Met,ENST00000372348.6:c.1216T>A,9:g.130874941T>A
1874590,1874590,ABL1,ENST00000372348.6,1,Yes,Imatinib,COSM12560,COSV59323790,115247310,p.T334I,c.1001C>T,haematopoietic_and_lymphoid_tissue,NS,NS,haematopoietic_neoplasm,chronic_myeloid_leukaemia,Ph_positive,23355941,null,Previously Reported,Tumour Sample,Unknown,9:130872896..130872896,ENSP00000361423.2:p.Thr334Ile,ENST00000372348.6:c.1001C>T,9:g.130872896C>T
904279,904279,ABL1,ENST00000372348.6,1,Yes,Imatinib,COSM12573,COSV59325418,115248416,p.E274K,c.820G>A,haematopoietic_and_lymphoid_tissue,NS,NS,haematopoietic_neoplasm,chronic_myeloid_leukaemia,NS,12399961,null,Variant of unknown origin,Tumour Sample,Unknown,9:130862976..130862976,ENSP00000361423.2:p.Glu274Lys,ENST00000372348.6:c.820G>A,9:g.130862976G>A
905168,905168,ABL1,ENST00000372348.6,1,Yes,Imatinib,COSM12573,COSV59325418,115248416,p.E274K,c.820G>A,haematopoietic_and_lymphoid_tissue,NS,NS,haematopoietic_neoplasm,chronic_myeloid_leukaemia,NS,14745431,null,Variant of unknown origin,Tumour Sample,Unknown,9:130862976..130862976,ENSP00000361423.2:p.Glu274Lys,ENST00000372348.6:c.820G>A,9:g.130862976G>A
905493,905493,ABL1,ENST00000372348.6,1,Yes,Imatinib,COSM12575,COSV59323734,115250368,p.F336L,c.1008C>G,haematopoietic_and_lymphoid_tissue,NS,NS,haematopoietic_neoplasm,chronic_myeloid_leukaemia,NS,12623848,null,Previously Reported,Tumour Sample,Unknown,9:130872903..130872903,ENSP00000361423.2:p.Phe336Leu,ENST00000372348.6:c.1008C>G,9:g.130872903C>G
1565822,1565822,ABL1,ENST00000372348.6,1,Yes,Tyrosine kinase inhibitor - NS,COSM12576,COSV59325175,115250439,p.Y272H,c.814T>C,haematopoietic_and_lymphoid_tissue,NS,NS,haematopoietic_neoplasm,chronic_myeloid_leukaemia,NS,21895409,null,Variant of unknown origin,Tumour Sample,Unknown,9:130862970..130862970,ENSP00000361423.2:p.Tyr272His,ENST00000372348.6:c.814T>C,9:g.130862970T>C
2324034,2324034,ABL1,ENST00000372348.6,1,Yes,Bosutinib,COSM133668,COSV59324514,115247642,p.F378I,c.1132T>A,haematopoietic_and_lymphoid_tissue,NS,NS,haematopoietic_neoplasm,blast_phase_chronic_myeloid_leukaemia,NS,23044928,null,Variant of unknown origin,Tumour Sample,Homozygous,9:130873027..130873027,ENSP00000361423.2:p.Phe378Ile,ENST00000372348.6:c.1132T>A,9:g.130873027T>A
905449,905449,ABL1,ENST00000372348.6,1,Yes,Imatinib,COSM12573,COSV59325418,115248416,p.E274K,c.820G>A,haematopoietic_and_lymphoid_tissue,NS,NS,haematopoietic_neoplasm,chronic_myeloid_leukaemia,NS,12623848,null,Variant of unknown origin,Tumour Sample,Unknown,9:130862976..130862976,ENSP00000361423.2:p.Glu274Lys,ENST00000372348.6:c.820G>A,9:g.130862976G>A
905450,905450,ABL1,ENST00000372348.6,1,Yes,Imatinib,COSM12573,COSV59325418,115248416,p.E274K,c.820G>A,haematopoietic_and_lymphoid_tissue,NS,NS,haematopoietic_neoplasm,chronic_myeloid_leukaemia,NS,12623848,null,Variant of unknown origin,Tumour Sample,Unknown,9:130862976..130862976,ENSP00000361423.2:p.Glu274Lys,ENST00000372348.6:c.820G>A,9:g.130862976G>A
1565826,1565826,ABL1,ENST00000372348.6,1,Yes,Tyrosine kinase inhibitor - NS,COSM12560,COSV59323790,115247310,p.T334I,c.1001C>T,haematopoietic_and_lymphoid_tissue,NS,NS,haematopoietic_neoplasm,chronic_myeloid_leukaemia,NS,21895409,null,Previously Reported,Tumour Sample,Unknown,9:130872896..130872896,ENSP00000361423.2:p.Thr334Ile,ENST00000372348.6:c.1001C>T,9:g.130872896C>T
2071729,2071729,ABL1,ENST00000372348.6,1,Yes,Imatinib,COSM12578,COSV59325906,115250278,p.M370T,c.1109T>C,haematopoietic_and_lymphoid_tissue,NS,NS,haematopoietic_neoplasm,chronic_myeloid_leukaemia,NS,23676790,null,Variant of unknown origin,Tumour Sample,Unknown,9:130873004..130873004,ENSP00000361423.2:p.Met370Thr,ENST00000372348.6:c.1109T>C,9:g.130873004T>C
904071,904071,ABL1,ENST00000372348.6,1,Yes,Imatinib,COSM12560,COSV59323790,115247310,p.T334I,c.1001C>T,haematopoietic_and_lymphoid_tissue,NS,NS,haematopoietic_neoplasm,blast_phase_chronic_myeloid_leukaemia,NS,11964322,null,Previously Reported,Tumour Sample,Unknown,9:130872896..130872896,ENSP00000361423.2:p.Thr334Ile,ENST00000372348.6:c.1001C>T,9:g.130872896C>T
904269,904269,ABL1,ENST00000372348.6,1,Yes,Imatinib,COSM12576,COSV59325175,115250439,p.Y272H,c.814T>C,haematopoietic_and_lymphoid_tissue,NS,NS,haematopoietic_neoplasm,chronic_myeloid_leukaemia,NS,12399961,null,Variant of unknown origin,Tumour Sample,Unknown,9:130862970..130862970,ENSP00000361423.2:p.Tyr272His,ENST00000372348.6:c.814T>C,9:g.130862970T>C
904293,904293,ABL1,ENST00000372348.6,1,Yes,Imatinib,COSM12560,COSV59323790,115247310,p.T334I,c.1001C>T,haematopoietic_and_lymphoid_tissue,NS,NS,haematopoietic_neoplasm,chronic_myeloid_leukaemia,NS,12399961,null,Previously Reported,Tumour Sample,Unknown,9:130872896..130872896,ENSP00000361423.2:p.Thr334Ile,ENST00000372348.6:c.1001C>T,9:g.130872896C>T
905178,905178,ABL1,ENST00000372348.6,1,Yes,Imatinib,COSM12604,COSV59323744,115248423,p.H415R,c.1244A>G,haematopoietic_and_lymphoid_tissue,NS,NS,haematopoietic_neoplasm,chronic_myeloid_leukaemia,NS,14745431,null,Variant of unknown origin,Tumour Sample,Unknown,9:130874969..130874969,ENSP00000361423.2:p.His415Arg,ENST00000372348.6:c.1244A>G,9:g.130874969A>G
905489,905489,ABL1,ENST00000372348.6,1,Yes,Imatinib,COSM12609,COSV59323765,115258032,p.Q271H,c.813G>C,haematopoietic_and_lymphoid_tissue,NS,NS,haematopoietic_neoplasm,chronic_myeloid_leukaemia,NS,12623848,null,Variant of unknown origin,Tumour Sample,Unknown,9:130862969..130862969,ENSP00000361423.2:p.Gln271His,ENST00000372348.6:c.813G>C,9:g.130862969G>C
905448,905448,ABL1,ENST00000372348.6,1,Yes,Imatinib,COSM12573,COSV59325418,115248416,p.E274K,c.820G>A,haematopoietic_and_lymphoid_tissue,NS,NS,haematopoietic_neoplasm,chronic_myeloid_leukaemia,NS,12623848,null,Variant of unknown origin,Tumour Sample,Unknown,9:130862976..130862976,ENSP00000361423.2:p.Glu274Lys,ENST00000372348.6:c.820G>A,9:g.130862976G>A
905164,905164,ABL1,ENST00000372348.6,1,Yes,Imatinib,COSM12576,COSV59325175,115250439,p.Y272H,c.814T>C,haematopoietic_and_lymphoid_tissue,NS,NS,lymphoid_neoplasm,acute_lymphoblastic_leukaemia,Ph_positive,14745431,null,Variant of unknown origin,Tumour Sample,Unknown,9:130862970..130862970,ENSP00000361423.2:p.Tyr272His,ENST00000372348.6:c.814T>C,9:g.130862970T>C
1655339,1655339,ABL1,ENST00000372348.6,1,Yes,Imatinib,COSM12576,COSV59325175,115250439,p.Y272H,c.814T>C,haematopoietic_and_lymphoid_tissue,NS,NS,haematopoietic_neoplasm,chronic_myeloid_leukaemia,NS,20367437,null,Variant of unknown origin,Tumour Sample,Unknown,9:130862970..130862970,ENSP00000361423.2:p.Tyr272His,ENST00000372348.6:c.814T>C,9:g.130862970T>C
